                  epoch,         train/box_loss,         train/cls_loss,         train/dfl_loss,   metrics/precision(B),      metrics/recall(B),       metrics/mAP50(B),    metrics/mAP50-95(B),           val/box_loss,           val/cls_loss,           val/dfl_loss,                 lr/pg0,                 lr/pg1,                 lr/pg2
                      1,                0.77507,                 2.4794,                  1.066,                0.07712,                0.82759,                0.60516,                0.42732,                0.79296,                 3.1038,                0.95613,                0.00032,                0.00032,                0.00032
                      2,                0.74521,                 1.5353,                0.99426,                      1,                0.22219,                0.78556,                0.61348,                0.80532,                 3.0168,                0.95322,             0.00052932,             0.00052932,             0.00052932
                      3,                0.73912,                 1.3397,                0.98378,                0.93496,                 0.4957,                0.69046,                 0.5223,                0.83994,                 2.9814,                 1.0176,               0.000604,               0.000604,               0.000604
                      4,                0.74932,                 1.2735,                 1.0243,                0.81718,                0.61659,                0.73338,                 0.5001,                0.90666,                 2.7965,                  1.045,             0.00054404,             0.00054404,             0.00054404
                      5,                0.69388,                 1.2086,                0.98325,                0.87814,                0.74551,                0.86383,                0.68784,                0.74503,                 2.0571,                0.96049,             0.00034944,             0.00034944,             0.00034944
